{
    "variants": {
        "normal": [
		{ "model": "lapis_ore" },
		{ "model": "lapis_ore_0" },
		{ "model": "lapis_ore_1" },
		{ "model": "lapis_ore_2" },
		{ "model": "lapis_ore_3" },
		{ "model": "lapis_ore_4" },
		{ "model": "lapis_ore_5" },
		{ "model": "lapis_ore_6" },
		{ "model": "lapis_ore_7" },
		{ "model": "lapis_ore_8" },
		{ "model": "lapis_ore_9" },
		{ "model": "lapis_ore_10" },
		{ "model": "lapis_ore", "y": 180 },
		{ "model": "lapis_ore_0", "y": 180 },
		{ "model": "lapis_ore_1", "y": 180 },
		{ "model": "lapis_ore_2", "y": 180 },
		{ "model": "lapis_ore_3", "y": 180 },
		{ "model": "lapis_ore_4", "y": 180 },
		{ "model": "lapis_ore_5", "y": 180 },
		{ "model": "lapis_ore_6", "y": 180 },
		{ "model": "lapis_ore_7", "y": 180 },
		{ "model": "lapis_ore_8", "y": 180 },
		{ "model": "lapis_ore_9", "y": 180 },
		{ "model": "lapis_ore_10", "y": 180 },
		{ "model": "lapis_ore_mirrored" },
		{ "model": "lapis_ore_mirrored_0" },
		{ "model": "lapis_ore_mirrored_1" },
		{ "model": "lapis_ore_mirrored_2" },
		{ "model": "lapis_ore_mirrored_3" },
		{ "model": "lapis_ore_mirrored_4" },
		{ "model": "lapis_ore_mirrored_5" },
		{ "model": "lapis_ore_mirrored_6" },
		{ "model": "lapis_ore_mirrored_7" },
		{ "model": "lapis_ore_mirrored_8" },
		{ "model": "lapis_ore_mirrored_9" },
		{ "model": "lapis_ore_mirrored_10" },
		{ "model": "lapis_ore_mirrored", "y": 180 },
		{ "model": "lapis_ore_mirrored_0", "y": 180 },
		{ "model": "lapis_ore_mirrored_1", "y": 180 },
		{ "model": "lapis_ore_mirrored_2", "y": 180 },
		{ "model": "lapis_ore_mirrored_3", "y": 180 },
		{ "model": "lapis_ore_mirrored_4", "y": 180 },
		{ "model": "lapis_ore_mirrored_5", "y": 180 },
		{ "model": "lapis_ore_mirrored_6", "y": 180 },
		{ "model": "lapis_ore_mirrored_7", "y": 180 },
		{ "model": "lapis_ore_mirrored_8", "y": 180 },
		{ "model": "lapis_ore_mirrored_9", "y": 180 },
		{ "model": "lapis_ore_mirrored_10", "y": 180 } ]
    }
}