{
    "variants": {
        "half=bottom": [ { "model": "half_slab_nether_brick" },
				{ "model": "half_slab_nether_brick_0" },
				{ "model": "half_slab_nether_brick_1" },
				{ "model": "half_slab_nether_brick_2" },
				{ "model": "half_slab_nether_brick_3" } ],
        "half=top": [ { "model": "upper_slab_nether_brick" },
				{ "model": "upper_slab_nether_brick_0" },
				{ "model": "upper_slab_nether_brick_1" },
				{ "model": "upper_slab_nether_brick_2" },
				{ "model": "upper_slab_nether_brick_3" } ]
    }
}
