{
    "variants": {
        "axis=y": [ { "model": "purpur_pillar_top" },
			{ "model": "purpur_pillar_top_0" },
			{ "model": "purpur_pillar_top_1" },
			{ "model": "purpur_pillar_top_2" },
			{ "model": "purpur_pillar_top_3" },
			{ "model": "purpur_pillar_top_4" },
			{ "model": "purpur_pillar_top_5" },
			{ "model": "purpur_pillar_top_6" },
			{ "model": "purpur_pillar_top_7" },
			{ "model": "purpur_pillar_top_8" } ],
        "axis=z": [ { "model": "purpur_pillar_top", "x": 90 },
			{ "model": "purpur_pillar_top_0", "x": 90 },
			{ "model": "purpur_pillar_top_1", "x": 90 },
			{ "model": "purpur_pillar_top_2", "x": 90 },
			{ "model": "purpur_pillar_top_3", "x": 90 },
			{ "model": "purpur_pillar_top_4", "x": 90 },
			{ "model": "purpur_pillar_top_5", "x": 90 },
			{ "model": "purpur_pillar_top_6", "x": 90 },
			{ "model": "purpur_pillar_top_7", "x": 90 },
			{ "model": "purpur_pillar_top_8", "x": 90 } ],
        "axis=x": [ { "model": "purpur_pillar_top", "x": 90, "y": 90 },
			{ "model": "purpur_pillar_top_0", "x": 90, "y": 90 },
			{ "model": "purpur_pillar_top_1", "x": 90, "y": 90 },
			{ "model": "purpur_pillar_top_2", "x": 90, "y": 90 },
			{ "model": "purpur_pillar_top_3", "x": 90, "y": 90 },
			{ "model": "purpur_pillar_top_4", "x": 90, "y": 90 },
			{ "model": "purpur_pillar_top_5", "x": 90, "y": 90 },
			{ "model": "purpur_pillar_top_6", "x": 90, "y": 90 },
			{ "model": "purpur_pillar_top_7", "x": 90, "y": 90 },
			{ "model": "purpur_pillar_top_8", "x": 90, "y": 90 } ]
    }
}
