{
    "variants": {
        "shape=north_south": [ { "model": "normal_rail_flat" },
					{ "model": "normal_rail_flat_0" },
					{ "model": "normal_rail_flat_1" },
					{ "model": "normal_rail_flat_2" },
					{ "model": "normal_rail_flat_3" } ],
        "shape=east_west": [ { "model": "normal_rail_flat", "y": 90 },
					{ "model": "normal_rail_flat_0", "y": 90 },
					{ "model": "normal_rail_flat_1", "y": 90 },
					{ "model": "normal_rail_flat_2", "y": 90 },
					{ "model": "normal_rail_flat_3", "y": 90 } ],
        "shape=ascending_east": [ { "model": "normal_rail_raised_ne", "y": 90 },
					{ "model": "normal_rail_raised_ne_0", "y": 90 },
					{ "model": "normal_rail_raised_ne_1", "y": 90 },
					{ "model": "normal_rail_raised_ne_2", "y": 90 },
					{ "model": "normal_rail_raised_ne_3", "y": 90 } ],
        "shape=ascending_west": [ { "model": "normal_rail_raised_sw", "y": 90 },
					{ "model": "normal_rail_raised_sw_0", "y": 90 },
					{ "model": "normal_rail_raised_sw_1", "y": 90 },
					{ "model": "normal_rail_raised_sw_3", "y": 90 },
					{ "model": "normal_rail_raised_sw_3", "y": 90 } ],
        "shape=ascending_north": [ { "model": "normal_rail_raised_ne" },
					{ "model": "normal_rail_raised_ne_0" },
					{ "model": "normal_rail_raised_ne_1" },
					{ "model": "normal_rail_raised_ne_2" },
					{ "model": "normal_rail_raised_ne_3" } ],
        "shape=ascending_south": [ { "model": "normal_rail_raised_sw" },
					{ "model": "normal_rail_raised_sw_0" },
					{ "model": "normal_rail_raised_sw_1" },
					{ "model": "normal_rail_raised_sw_2" },
					{ "model": "normal_rail_raised_sw_3" } ],
        "shape=south_east": [ { "model": "normal_rail_curved" },
					{ "model": "normal_rail_curved_0" },
					{ "model": "normal_rail_curved_1" },
					{ "model": "normal_rail_curved_2" } ],
        "shape=south_west": [ { "model": "normal_rail_curved", "y": 90 },
					{ "model": "normal_rail_curved_0", "y": 90 },
					{ "model": "normal_rail_curved_1", "y": 90 },
					{ "model": "normal_rail_curved_2", "y": 90 } ],
        "shape=north_west": [ { "model": "normal_rail_curved", "y": 180 },
					{ "model": "normal_rail_curved_0", "y": 180 },
					{ "model": "normal_rail_curved_1", "y": 180 },
					{ "model": "normal_rail_curved_2", "y": 180 } ],
        "shape=north_east": [ { "model": "normal_rail_curved", "y": 270 },
					{ "model": "normal_rail_curved_0", "y": 270 },
					{ "model": "normal_rail_curved_1", "y": 270 },
					{ "model": "normal_rail_curved_2", "y": 270 } ]
    }
}
