{
    "variants": {
        "normal": [
            { "model": "red_sand" },
			{ "model": "red_sand_0" },
			{ "model": "red_sand_1" },
			{ "model": "red_sand_2" },
			{ "model": "red_sand_3" },
            { "model": "red_sand", "y": 90 },
			{ "model": "red_sand_0", "y": 90 },
			{ "model": "red_sand_1", "y": 90 },
			{ "model": "red_sand_2", "y": 90 },
			{ "model": "red_sand_3", "y": 90 },
            { "model": "red_sand", "y": 180 },
			{ "model": "red_sand_0", "y": 180 },
			{ "model": "red_sand_1", "y": 180 },
			{ "model": "red_sand_2", "y": 180 },
			{ "model": "red_sand_3", "y": 180 },
            { "model": "red_sand", "y": 270 },
			{ "model": "red_sand_0", "y": 270 },
			{ "model": "red_sand_1", "y": 270 },
			{ "model": "red_sand_2", "y": 270 },
			{ "model": "red_sand_3", "y": 270 }
        ]
    }
}
