{
    "variants": {
        "normal": [
		{ "model": "white_tulip", "weight":4 },
		{ "model": "white_tulip_0", "weight":4 },
		{ "model": "white_tulip_1", "weight":4 },
		{ "model": "white_tulip_2", "weight":4 },
		{ "model": "white_tulip_3", "weight":4 },
		{ "model": "white_tulip_4", "weight":4 },
		{ "model": "white_tulip_5", "weight":4 },
		{ "model": "white_tulip_6" },
		{ "model": "white_tulip_7" },
		{ "model": "white_tulip_8" },
		{ "model": "white_tulip_9" },
		{ "model": "white_tulip_10" },
		{ "model": "white_tulip_11" },
		{ "model": "white_tulip_12" },
		{ "model": "white_tulip_13" },
		{ "model": "white_tulip_14" },
		{ "model": "white_tulip_15" },
		{ "model": "white_tulip_16" },
		{ "model": "white_tulip_17" } ]
    }
}
